{"cameraMode":{"drawMode":0,"name":"Shaded","section":"Shading Mode"},"sceneLighting":true,"audioPlay":false,"sceneViewState":{"showFog":true,"showMaterialUpdate":true,"showSkybox":true,"showFlares":true,"showImageEffects":true,"showParticleSystems":true},"in2DMode":false,"pivot":{"x":1.2212475538253785,"y":0.3206827640533447,"z":-0.5122573375701904},"rotation":{"x":0.3459831178188324,"y":0.06971484422683716,"z":-0.025794899091124536,"w":0.9352915287017822},"size":7.701446056365967,"orthographic":false}