{"cameraMode":{"drawMode":0,"name":"Shaded","section":"Shading Mode"},"sceneLighting":true,"audioPlay":false,"sceneViewState":{"showFog":true,"showMaterialUpdate":true,"showSkybox":true,"showFlares":true,"showImageEffects":true,"showParticleSystems":true},"in2DMode":false,"pivot":{"x":9.527629852294922,"y":4.125385284423828,"z":-0.2994232177734375},"rotation":{"x":-0.07333015650510788,"y":-0.10541621595621109,"z":0.007794894278049469,"w":-0.9916902184486389},"size":12.978824615478516,"orthographic":false}